SampleID,Cohort,Race,Ethnicity,Age,Diagnosis,Gender,DaysSinceTreatment,SMN,Chemo,EBRT,RadioactiveIodine,AutoSCT,DoxoOrDauno,Cisplatin,Carboplatin,Etoposide,AlkylatingAgents,Immunotherapy,KnownCancerPredisposition,key,CHROM,POS,REF,ALT,Gene,average_AF,pd_reason,Review,ch_pd_kb,artifact
LBC_054,Case,White,Non-Spanish; Non-Hispanic,20,EWING'S SARCOMA,M,1134,0,1,1,0,0,1,0,0,1,1,0,0,chr17 7674242 A>T,chr17,7674242,A,T,TP53,0.005202333,OncoKB,No Review,1,0
LBC_054,Case,White,Non-Spanish; Non-Hispanic,20,EWING'S SARCOMA,M,1134,0,1,1,0,0,1,0,0,1,1,0,0,chr17 7675208 C>T,chr17,7675208,C,T,TP53,0.002,OncoKB,No Review,1,0
LBC_054,Case,White,Non-Spanish; Non-Hispanic,20,EWING'S SARCOMA,M,1134,0,1,1,0,0,1,0,0,1,1,0,0,chr17 60663106 C>T,chr17,60663106,C,T,PPM1D,0.0013,Nonsense Mutation on Exon 6,No Review,1,0
LBC_054,Case,White,Non-Spanish; Non-Hispanic,20,EWING'S SARCOMA,M,1134,0,1,1,0,0,1,0,0,1,1,0,0,chr17 60663137 C>CA,chr17,60663137,C,CA,PPM1D,0.0012,OncoKB,No Review,1,0
LBC_054,Case,White,Non-Spanish; Non-Hispanic,20,EWING'S SARCOMA,M,1134,0,1,1,0,0,1,0,0,1,1,0,0,chr2 25235822 TG>T,chr2,25235822,TG,T,DNMT3A,0.008326333,Nonsense Mutation in TSG,No Review,1,0
LBC_008,Case,White,Non-Spanish; Non-Hispanic,15,EWING'S SARCOMA,F,1295,0,1,0,0,0,1,0,0,1,1,0,0,chr17 60663073 GA>G,chr17,60663073,GA,G,PPM1D,0.0011455,OncoKB,No Review,1,0
LBC_044,Case,Asian,Non-Spanish; Non-Hispanic,19,EWING'S SARCOMA,F,1434,0,1,1,0,0,1,0,0,1,1,0,0,NA,NA,NA,NA,NA,No Mutation,NA,NA,NA,NA,NA
LBC_003,Case,White,Non-Spanish; Non-Hispanic,15,Adrenocortical carcinoma,M,356,0,1,0,0,0,1,1,0,1,0,1,0,NA,NA,NA,NA,NA,No Mutation,NA,NA,NA,NA,NA
LBC_064,Case,White,Non-Spanish; Non-Hispanic,20,Ewing Sarcoma,F,726,0,1,1,0,0,1,0,0,1,1,0,0,NA,NA,NA,NA,NA,No Mutation,NA,NA,NA,NA,NA
LBC_057,Case,White,Non-Spanish; Non-Hispanic,20,EWING'S SARCOMA,F,1315,0,1,1,0,0,1,0,0,1,1,0,0,NA,NA,NA,NA,NA,No Mutation,NA,NA,NA,NA,NA
LBC_060,Case,African American,Non-Spanish; Non-Hispanic,18,Osteosarcoma,F,1094,0,1,0,0,0,1,1,0,0,0,0,0,chr17 60663262 C>CA,chr17,60663262,C,CA,PPM1D,0.0013,OncoKB,No Review,1,0
LBC_036,Case,African American,"Spanish  NOS; Hispanic NOS, Latino NOS",16,"Pilocytic astrocytoma, KIAA1549-BRAF fusion positive",M,2276,0,1,0,0,0,0,0,1,0,0,0,0,NA,NA,NA,NA,NA,No Mutation,NA,NA,NA,NA,NA
LBC_053,Case,White,Non-Spanish; Non-Hispanic,19,Osteosarcoma,F,52,1,1,0,0,1,1,1,1,1,1,0,1,NA,NA,NA,NA,NA,No Mutation,NA,NA,NA,NA,NA
LBC_101,Case,Asian,Non-Spanish; Non-Hispanic,27,"PAPILLARY ADENOCARCINOMA, NOS",F,5219,1,0,1,1,0,0,0,0,0,0,0,1,NA,NA,NA,NA,NA,No Mutation,NA,NA,NA,NA,NA
LBC_103,Case,White,Non-Spanish; Non-Hispanic,25,EWING'S SARCOMA,M,1305,0,1,0,0,0,1,0,0,1,1,0,0,NA,NA,NA,NA,NA,No Mutation,NA,NA,NA,NA,NA
LBC_077,Case,White,Non-Spanish; Non-Hispanic,19,EWING'S SARCOMA,M,681,1,1,1,0,0,1,0,0,1,1,0,0,chr17 60663448 C>T,chr17,60663448,C,T,PPM1D,0.0012,Nonsense Mutation on Exon 6,No Review,1,0
LBC_078,Case,White,Non-Spanish; Non-Hispanic,21,"OSTEOSARCOMA, NOS",F,1104,0,1,0,0,0,1,1,0,0,0,1,0,NA,NA,NA,NA,NA,No Mutation,NA,NA,NA,NA,NA
LBC_110,Case,African American,Non-Spanish; Non-Hispanic,33,"MEDULLOBLASTOMA, NOS",M,1734,0,0,1,0,0,0,0,0,0,0,0,0,chr2 25240312 C>T,chr2,25240312,C,T,DNMT3A,0.0025,OncoKB,No Review,1,0
LBC_110,Case,African American,Non-Spanish; Non-Hispanic,33,"MEDULLOBLASTOMA, NOS",M,1734,0,0,1,0,0,0,0,0,0,0,0,0,chr17 7676152 CG>C,chr17,7676152,CG,C,TP53,0.001053,Nonsense Mutation in TSG,Recurrent,1,NA
LBC_079,Case,White,Non-Spanish; Non-Hispanic,22,GERMINOMA,F,1747,0,1,0,0,0,0,1,0,1,0,0,0,NA,NA,NA,NA,NA,No Mutation,NA,NA,NA,NA,NA
LBC_068,Case,White,"Spanish  NOS; Hispanic NOS, Latino NOS",18,"OSTEOSARCOMA, NOS",M,325,0,1,0,0,0,1,1,0,0,0,0,0,NA,NA,NA,NA,NA,No Mutation,NA,NA,NA,NA,NA
LBC_090,Case,White,Unknown whether Spanish or not,22,Ganglioneuroblastoma (GNBL),M,7484,1,1,1,1,1,1,1,0,1,1,1,0,chr2 25241618 G>C,chr2,25241618,G,C,DNMT3A,0.246338333,Near Hotspot + SIFT/PolyPhen,High VAF;Homopolymer Region,1,NA
LBC_009,Case,White,Non-Spanish; Non-Hispanic,13,"PAPILLARY ADENOCARCINOMA, NOS",M,1629,0,0,0,1,0,0,0,0,0,0,0,0,NA,NA,NA,NA,NA,No Mutation,NA,NA,NA,NA,NA
LBC_026,Case,White,Non-Spanish; Non-Hispanic,14,Undifferentiated Sarcoma,F,313,0,1,0,0,0,1,0,0,1,1,0,0,NA,NA,NA,NA,NA,No Mutation,NA,NA,NA,NA,NA
LBC_070,Case,White,Unknown whether Spanish or not,21,EMBRYONAL RHABDOMYOSARCOMA,M,6363,0,1,1,0,0,1,0,0,1,1,0,0,NA,NA,NA,NA,NA,No Mutation,NA,NA,NA,NA,NA
LBC_098,Case,White,"Spanish  NOS; Hispanic NOS, Latino NOS",25,"NEURILEMMOMA, NOS",M,3951,1,1,1,0,0,1,0,1,1,1,0,1,NA,NA,NA,NA,NA,No Mutation,NA,NA,NA,NA,NA
LBC_055,Case,White,Non-Spanish; Non-Hispanic,19,ATYPICAL TERATOID/RHABDOID TUMOR (C71._),F,4241,0,1,1,0,0,1,1,0,1,1,0,0,NA,NA,NA,NA,NA,No Mutation,NA,NA,NA,NA,NA
LBC_122,Case,White,Non-Spanish; Non-Hispanic,47,EMBRYONAL RHABDOMYOSARCOMA,M,5656,0,1,1,0,0,1,1,0,1,1,0,0,chr17 7674227 T>C,chr17,7674227,T,C,TP53,0.0023,OncoKB,No Review,1,0
LBC_122,Case,White,Non-Spanish; Non-Hispanic,47,EMBRYONAL RHABDOMYOSARCOMA,M,5656,0,1,1,0,0,1,1,0,1,1,0,0,chr2 25234401 G>A,chr2,25234401,G,A,DNMT3A,0.003257,Near Hotspot + SIFT/PolyPhen,No Review,1,0
LBC_122,Case,White,Non-Spanish; Non-Hispanic,47,EMBRYONAL RHABDOMYOSARCOMA,M,5656,0,1,1,0,0,1,1,0,1,1,0,0,chr2 25240360 A>G,chr2,25240360,A,G,DNMT3A,0.00493,B/B Hotspot >= 10,No Review,1,0
LBC_122,Case,White,Non-Spanish; Non-Hispanic,47,EMBRYONAL RHABDOMYOSARCOMA,M,5656,0,1,1,0,0,1,1,0,1,1,0,0,chr2 25240420 T>G,chr2,25240420,T,G,DNMT3A,0.008663667,B/B Hotspot >= 10,No Review,1,0
LBC_122,Case,White,Non-Spanish; Non-Hispanic,47,EMBRYONAL RHABDOMYOSARCOMA,M,5656,0,1,1,0,0,1,1,0,1,1,0,0,chr2 25241621 C>T,chr2,25241621,C,T,DNMT3A,0.019908,B/B Hotspot >= 10,No Review,1,0
LBC_122,Case,White,Non-Spanish; Non-Hispanic,47,EMBRYONAL RHABDOMYOSARCOMA,M,5656,0,1,1,0,0,1,1,0,1,1,0,0,chr2 25245318 AG>A,chr2,25245318,AG,A,DNMT3A,0.016058667,Nonsense Mutation in TSG,No Review,1,0
LBC_122,Case,White,Non-Spanish; Non-Hispanic,47,EMBRYONAL RHABDOMYOSARCOMA,M,5656,0,1,1,0,0,1,1,0,1,1,0,0,chr4 105259672 CTT>C,chr4,105259672,CTT,C,TET2,0.0011175,Nonsense Mutation in TSG,No Review,1,0
LBC_122,Case,White,Non-Spanish; Non-Hispanic,47,EMBRYONAL RHABDOMYOSARCOMA,M,5656,0,1,1,0,0,1,1,0,1,1,0,0,chr4 105275146 C>T,chr4,105275146,C,T,TET2,0.003257667,Nonsense Mutation in TSG,No Review,1,0
LBC_005,Case,White,Non-Spanish; Non-Hispanic,13,Neuroblastoma,M,330,1,1,0,0,0,1,0,1,1,1,0,0,NA,NA,NA,NA,NA,No Mutation,NA,NA,NA,NA,NA
LBC_084,Case,White,Non-Spanish; Non-Hispanic,22,EWING'S SARCOMA,F,4327,0,1,1,0,0,1,0,0,1,1,0,0,NA,NA,NA,NA,NA,No Mutation,NA,NA,NA,NA,NA
LBC_071,Case,White,Non-Spanish; Non-Hispanic,21,WILMS TUMOR,M,6979,0,1,1,0,0,1,0,0,0,0,0,0,NA,NA,NA,NA,NA,No Mutation,NA,NA,NA,NA,NA
LBC_024,Case,African American,"Spanish  NOS; Hispanic NOS, Latino NOS",15,High grade histiocytoma / high grade spindle cell sarcoma,F,646,0,1,0,0,0,1,1,0,0,0,0,0,NA,NA,NA,NA,NA,No Mutation,NA,NA,NA,NA,NA
LBC_106,Case,White,Non-Spanish; Non-Hispanic,31,Osteosarcoma,F,3926,0,1,0,0,0,1,1,0,0,0,0,0,NA,NA,NA,NA,NA,No Mutation,NA,NA,NA,NA,NA
LBC_062,Case,Unkown,Non-Spanish; Non-Hispanic,20,"NEUROBLASTOMA, NOS",F,6469,0,1,1,0,1,1,1,1,1,1,1,0,NA,NA,NA,NA,NA,No Mutation,NA,NA,NA,NA,NA
LBC_022,Case,White,Unknown whether Spanish or not,16,"OSTEOSARCOMA, NOS",M,3888,0,1,0,0,0,1,1,0,0,0,0,0,NA,NA,NA,NA,NA,No Mutation,NA,NA,NA,NA,NA
LBC_015,Case,White,Non-Spanish; Non-Hispanic,13,"HODGKIN'S, NODULAR SCLEROSIS, NOS",M,-48,0,1,1,0,1,1,0,0,1,1,1,0,NA,NA,NA,NA,NA,No Mutation,NA,NA,NA,NA,NA
LBC_102,Case,White,Non-Spanish; Non-Hispanic,28,EMBRYONAL RHABDOMYOSARCOMA,F,8122,0,1,1,0,0,1,0,0,0,1,0,0,chr9 5073770 G>T,chr9,5073770,G,T,JAK2,0.020846,OncoKB,No Review,1,0
LBC_114,Case,White,Non-Spanish; Non-Hispanic,35,HODGKIN LYMPHOMA,M,7482,0,0,1,0,0,1,0,0,0,1,0,0,chr17 7675205 T>A,chr17,7675205,T,A,TP53,0.0011,OncoKB,No Review,1,0
LBC_065,Case,White,Non-Spanish; Non-Hispanic,19,Osteosarcoma,F,1175,0,1,0,0,0,1,1,0,0,1,0,0,chr17 7674918 A>C,chr17,7674918,A,C,TP53,0.0013,OncoKB,No Review,1,0
LBC_065,Case,White,Non-Spanish; Non-Hispanic,19,Osteosarcoma,F,1175,0,1,0,0,0,1,1,0,0,1,0,0,chr2 25244297 C>T,chr2,25244297,C,T,DNMT3A,0.003280667,Not PD,S/P Missense Review,1,NA
LBC_040,Case,White,"Spanish  NOS; Hispanic NOS, Latino NOS",18,"OSTEOSARCOMA, NOS",M,2699,0,1,0,0,0,1,1,0,1,1,0,0,NA,NA,NA,NA,NA,No Mutation,NA,NA,NA,NA,NA
LBC_066,Case,White,Non-Spanish; Non-Hispanic,20,"Diffuse astrocytoma, IDH-mutant",M,1194,0,1,1,0,0,0,0,0,0,0,0,0,NA,NA,NA,NA,NA,No Mutation,NA,NA,NA,NA,NA
LBC_092,Case,White,"Spanish  NOS; Hispanic NOS, Latino NOS",24,GIANT CELL SARCOMA,M,3495,0,0,1,0,0,0,0,0,0,0,0,0,NA,NA,NA,NA,NA,No Mutation,NA,NA,NA,NA,NA
LBC_045,Case,White,Non-Spanish; Non-Hispanic,17,Chondrosarcoma,M,2531,0,1,0,0,0,1,0,0,1,1,0,0,NA,NA,NA,NA,NA,No Mutation,NA,NA,NA,NA,NA
LBC_046,Case,Asian,Non-Spanish; Non-Hispanic,18,"HODGKIN'S DISEASE, NOS",F,1781,0,1,1,0,0,1,0,0,1,1,0,0,NA,NA,NA,NA,NA,No Mutation,NA,NA,NA,NA,NA
LBC_016,Case,White,Unknown whether Spanish or not,16,CLEAR CELL SARCOMA,F,4645,0,1,1,0,0,1,0,0,1,1,0,0,NA,NA,NA,NA,NA,No Mutation,NA,NA,NA,NA,NA
LBC_059,Case,Other,"Spanish  NOS; Hispanic NOS, Latino NOS",20,EMBRYONAL RHABDOMYOSARCOMA,M,4795,0,1,1,0,0,0,0,0,0,1,0,0,NA,NA,NA,NA,NA,No Mutation,NA,NA,NA,NA,NA
LBC_033,Case,White,Non-Spanish; Non-Hispanic,17,Non-Hodgkin Lymphoma,M,1411,0,1,0,0,0,1,0,0,0,1,0,0,NA,NA,NA,NA,NA,No Mutation,NA,NA,NA,NA,NA
LBC_082,Case,White,Non-Spanish; Non-Hispanic,22,"NEUROBLASTOMA, NOS",F,7434,0,1,1,1,0,1,1,0,1,1,1,0,chr17 7673790 C>A,chr17,7673790,C,A,TP53,0.010011667,OncoKB,No Review,1,0
LBC_082,Case,White,Non-Spanish; Non-Hispanic,22,"NEUROBLASTOMA, NOS",F,7434,0,1,1,1,0,1,1,0,1,1,1,0,chr2 25240690 C>T,chr2,25240690,C,T,DNMT3A,0.003633333,Near Hotspot + SIFT/PolyPhen,No Review,1,0
LBC_082,Case,White,Non-Spanish; Non-Hispanic,22,"NEUROBLASTOMA, NOS",F,7434,0,1,1,1,0,1,1,0,1,1,1,0,chr2 25240321 T>C,chr2,25240321,T,C,DNMT3A,0.009869,Near Hotspot + SIFT/PolyPhen,Homopolymer Region,1,NA
LBC_075,Case,White,Non-Spanish; Non-Hispanic,22,NEUROBLASTOMA,F,6391,0,1,1,0,1,1,1,1,1,1,1,0,chr2 25246757 C>A,chr2,25246757,C,A,DNMT3A,0.002,Near Hotspot + SIFT/PolyPhen,No Review,1,0
LBC_075,Case,White,Non-Spanish; Non-Hispanic,22,NEUROBLASTOMA,F,6391,0,1,1,0,1,1,1,1,1,1,1,0,chr2 25247728 C>T,chr2,25247728,C,T,DNMT3A,0.0014,Near Hotspot + SIFT/PolyPhen,No Review,1,0
LBC_075,Case,White,Non-Spanish; Non-Hispanic,22,NEUROBLASTOMA,F,6391,0,1,1,0,1,1,1,1,1,1,1,0,chr4 105275662 G>T,chr4,105275662,G,T,TET2,0.0017,COSMIC,Was Recurrent,1,0
LBC_025,Case,White,Non-Spanish; Non-Hispanic,16,EMBRYONAL RHABDOMYOSARCOMA,M,3655,0,1,1,0,0,0,0,0,0,1,0,0,NA,NA,NA,NA,NA,No Mutation,NA,NA,NA,NA,NA
LBC_112,Case,White,Non-Spanish; Non-Hispanic,34,GERMINOMA,M,4704,0,0,1,0,0,0,0,0,0,0,0,0,chr20 32435914 C>T,chr20,32435914,C,T,ASXL1,0.0016,Nonsense Mutation in TSG,No Review,1,0
LBC_048,Case,White,Non-Spanish; Non-Hispanic,19,"GLIOMA, MALIGNANT",M,4938,0,1,0,0,0,0,0,1,0,0,0,0,chr2 25240310 A>G,chr2,25240310,A,G,DNMT3A,0.002044,Near Hotspot + SIFT/PolyPhen,No Review,1,0
LBC_097,Case,African American,Non-Spanish; Non-Hispanic,25,HODGKIN LYMPHOMA,M,2815,0,1,1,0,0,1,0,0,0,1,0,0,NA,NA,NA,NA,NA,No Mutation,NA,NA,NA,NA,NA
LBC_069,Case,White,Non-Spanish; Non-Hispanic,20,"HODGKIN'S DISEASE, MIXED CELLULARITY",M,2298,0,1,0,0,0,1,0,0,0,0,0,0,NA,NA,NA,NA,NA,No Mutation,NA,NA,NA,NA,NA
LBC_123,Case,White,Non-Spanish; Non-Hispanic,49,EWING'S SARCOMA,M,14260,0,1,1,0,0,1,0,0,0,1,0,0,chr17 60663160 G>T,chr17,60663160,G,T,PPM1D,0.0014,Nonsense Mutation on Exon 6,No Review,1,0
LBC_123,Case,White,Non-Spanish; Non-Hispanic,49,EWING'S SARCOMA,M,14260,0,1,1,0,0,1,0,0,0,1,0,0,chr4 105259633 G>C,chr4,105259633,G,C,TET2,0.020605667,Near Hotspot + SIFT/PolyPhen,No Review,1,0
LBC_047,Case,White,Non-Spanish; Non-Hispanic,19,NEUROBLASTOMA,F,3479,0,1,1,0,1,1,1,1,1,1,1,0,chr17 7669622 G>GGC,chr17,7669622,G,GGC,TP53,0.0014975,Nonsense Mutation in TSG,No Review,1,0
LBC_047,Case,White,Non-Spanish; Non-Hispanic,19,NEUROBLASTOMA,F,3479,0,1,1,0,1,1,1,1,1,1,1,0,chr17 7674893 C>G,chr17,7674893,C,G,TP53,0.0016,OncoKB,No Review,1,0
LBC_047,Case,White,Non-Spanish; Non-Hispanic,19,NEUROBLASTOMA,F,3479,0,1,1,0,1,1,1,1,1,1,1,0,chr17 7675181 T>C,chr17,7675181,T,C,TP53,0.0019,OncoKB,No Review,1,0
LBC_047,Case,White,Non-Spanish; Non-Hispanic,19,NEUROBLASTOMA,F,3479,0,1,1,0,1,1,1,1,1,1,1,0,chr2 25246671 C>T,chr2,25246671,C,T,DNMT3A,0.002684,B/B Hotspot >= 10,No Review,1,0
LBC_047,Case,White,Non-Spanish; Non-Hispanic,19,NEUROBLASTOMA,F,3479,0,1,1,0,1,1,1,1,1,1,1,0,chr2 25241704 A>G,chr2,25241704,A,G,DNMT3A,0.0043735,Near Hotspot + SIFT/PolyPhen,Homopolymer Region,1,NA
LBC_115,Case,White,Unknown whether Spanish or not,37,Hodgkin's Lymphoma,M,6271,0,1,1,0,0,1,0,0,1,1,0,0,NA,NA,NA,NA,NA,No Mutation,NA,NA,NA,NA,NA
LBC_063,Case,African American,Non-Spanish; Non-Hispanic,19,Osteosarcoma,F,2264,1,1,1,1,1,1,0,1,1,1,0,1,chr17 7673811 A>G,chr17,7673811,A,G,TP53,0.021776,OncoKB,No Review,1,0
LBC_063,Case,African American,Non-Spanish; Non-Hispanic,19,Osteosarcoma,F,2264,1,1,1,1,1,1,0,1,1,1,0,1,chr17 7674216 C>A,chr17,7674216,C,A,TP53,0.007327,OncoKB,No Review,1,0
LBC_063,Case,African American,Non-Spanish; Non-Hispanic,19,Osteosarcoma,F,2264,1,1,1,1,1,1,0,1,1,1,0,1,chr2 25244579 C>A,chr2,25244579,C,A,DNMT3A,0.008650667,B/B Hotspot >= 10,No Review,1,0
LBC_063,Case,African American,Non-Spanish; Non-Hispanic,19,Osteosarcoma,F,2264,1,1,1,1,1,1,0,1,1,1,0,1,chr2 25248191 C>CCGGG,chr2,25248191,C,CCGGG,DNMT3A,0.029552667,Nonsense Mutation in TSG,No Review,1,0
LBC_052,Case,White,Non-Spanish; Non-Hispanic,17,Fibroblastic Osteosarcoma,F,168,0,1,0,0,0,1,1,0,0,0,0,0,chr2 25234373 C>T,chr2,25234373,C,T,DNMT3A,0.0012,OncoKB,Was Recurrent,1,0
LBC_052,Case,White,Non-Spanish; Non-Hispanic,17,Fibroblastic Osteosarcoma,F,168,0,1,0,0,0,1,1,0,0,0,0,0,chr2 25234373 C>T,chr2,25234373,C,T,DNMT3A,0.0012,OncoKB,Was Recurrent,1,NA
LBC_073,Case,White,Non-Spanish; Non-Hispanic,21,EWING'S SARCOMA,F,2877,0,1,0,0,0,1,0,0,1,1,0,0,NA,NA,NA,NA,NA,No Mutation,NA,NA,NA,NA,NA
LBC_093,Case,White,Unknown whether Spanish or not,24,NEUROFIBROSARCOMA,F,3981,0,1,1,0,0,1,0,0,1,1,0,0,chr17 7673824 C>T,chr17,7673824,C,T,TP53,0.0021,OncoKB,No Review,1,0
LBC_049,Case,White,"Spanish  NOS; Hispanic NOS, Latino NOS",19,"NEUROBLASTOMA, NOS",F,4409,0,1,1,0,0,1,1,1,1,1,1,0,chr2 25240642 T>C,chr2,25240642,T,C,DNMT3A,0.012353333,Loci + SIFT/PolyPhen,Recurrent,1,NA
LBC_027,Case,White,Non-Spanish; Non-Hispanic,16,Atypical Meningioma,M,-358,0,1,1,0,0,1,1,0,1,1,1,0,chr4 105272828 G>A,chr4,105272828,G,A,TET2,0.0041635,Not PD,S/P Missense Review,1,NA
LBC_011,Case,White,Non-Spanish; Non-Hispanic,15,BURKITT'S LYMPHOMA,M,4036,0,1,0,0,0,0,0,0,0,1,0,0,chr2 25234373 C>T,chr2,25234373,C,T,DNMT3A,0.0034525,OncoKB,Was Recurrent,1,0
LBC_011,Case,White,Non-Spanish; Non-Hispanic,15,BURKITT'S LYMPHOMA,M,4036,0,1,0,0,0,0,0,0,0,1,0,0,chr2 25234373 C>T,chr2,25234373,C,T,DNMT3A,0.0034525,OncoKB,Was Recurrent,1,NA
LBC_081,Case,Asian,Non-Spanish; Non-Hispanic,21,"FOLLICULAR LYMPHOMA, GRADE 3",F,2955,0,1,0,0,0,0,0,0,0,1,0,0,NA,NA,NA,NA,NA,No Mutation,NA,NA,NA,NA,NA
LBC_007,Case,White,Unknown whether Spanish or not,13,Malignant Triton Tumor,M,4071,0,1,0,0,0,0,0,0,0,1,0,1,NA,NA,NA,NA,NA,No Mutation,NA,NA,NA,NA,NA
LBC_061,Case,White,Non-Spanish; Non-Hispanic,18,Neuroblastoma,M,3736,0,1,1,0,0,1,1,0,1,1,1,0,NA,NA,NA,NA,NA,No Mutation,NA,NA,NA,NA,NA
LBC_083,Case,White,Non-Spanish; Non-Hispanic,22,PLEOMORPHIC LIPOSARCOMA,F,2988,0,1,0,0,0,1,0,0,0,1,0,0,NA,NA,NA,NA,NA,No Mutation,NA,NA,NA,NA,NA
LBC_043,Case,White,Non-Spanish; Non-Hispanic,16,EMBRYONAL RHABDOMYOSARCOMA,M,189,0,1,1,0,0,0,0,0,0,1,0,0,NA,NA,NA,NA,NA,No Mutation,NA,NA,NA,NA,NA
LBC_058,Case,White,Non-Spanish; Non-Hispanic,19,Neuroblastoma,F,1752,0,1,1,0,1,1,1,1,1,1,1,0,chr2 25240313 G>A,chr2,25240313,G,A,DNMT3A,0.0018,Nonsense Mutation in TSG,No Review,1,0
LBC_058,Case,White,Non-Spanish; Non-Hispanic,19,Neuroblastoma,F,1752,0,1,1,0,1,1,1,1,1,1,1,0,chr2 25240367 A>G,chr2,25240367,A,G,DNMT3A,0.0033145,Loci + SIFT/PolyPhen,No Review,1,0
LBC_037,Case,White,Non-Spanish; Non-Hispanic,16,Chordoma,M,465,0,0,1,0,0,0,0,0,0,0,0,0,chr2 25244267 G>T,chr2,25244267,G,T,DNMT3A,0.003375,Near Hotspot + SIFT/PolyPhen,No Review,1,0
LBC_037,Case,White,Non-Spanish; Non-Hispanic,16,Chordoma,M,465,0,0,1,0,0,0,0,0,0,0,0,0,chr4 105236769 C>T,chr4,105236769,C,T,TET2,0.0012,Nonsense Mutation in TSG,No Review,1,0
LBC_031,Case,Asian,Non-Spanish; Non-Hispanic,17,EWING'S SARCOMA,F,3866,0,1,0,0,0,1,0,0,1,1,0,0,NA,NA,NA,NA,NA,No Mutation,NA,NA,NA,NA,NA
LBC_121,Case,White,Other Spanish/Hispanic(incl European; excl Dom Rep,47,MIXED GERM CELL TUMOR,M,11297,0,1,0,0,0,1,1,0,1,1,0,0,NA,NA,NA,NA,NA,No Mutation,NA,NA,NA,NA,NA
LBC_100,Case,White,Unknown whether Spanish or not,26,EWING'S SARCOMA,M,5243,0,1,0,0,0,1,0,0,1,1,0,0,NA,NA,NA,NA,NA,No Mutation,NA,NA,NA,NA,NA
LBC_107,Case,White,Non-Spanish; Non-Hispanic,32,EWING'S SARCOMA,F,8712,0,1,1,0,1,1,0,0,1,1,0,0,chr17 7674872 T>C,chr17,7674872,T,C,TP53,0.0019,OncoKB,No Review,1,0
LBC_107,Case,White,Non-Spanish; Non-Hispanic,32,EWING'S SARCOMA,F,8712,0,1,1,0,1,1,0,0,1,1,0,0,chr17 60663388 C>T,chr17,60663388,C,T,PPM1D,0.0012,Nonsense Mutation on Exon 6,No Review,1,0
LBC_089,Case,White,Non-Spanish; Non-Hispanic,24,LYMPHOMA,M,2119,0,1,0,0,0,1,0,0,1,1,1,0,NA,NA,NA,NA,NA,No Mutation,NA,NA,NA,NA,NA
LBC_095,Case,White,Non-Spanish; Non-Hispanic,25,Neuroblastoma,F,6867,0,1,1,0,1,1,1,0,1,1,1,0,chr17 60663243 A>AAC,chr17,60663243,A,AAC,PPM1D,0.001051,OncoKB,No Review,1,0
LBC_028,Case,White,Non-Spanish; Non-Hispanic,17,Nephroblastoma,F,4402,0,1,1,0,0,1,0,1,1,1,0,0,NA,NA,NA,NA,NA,No Mutation,NA,NA,NA,NA,NA
LBC_088,Case,White,Non-Spanish; Non-Hispanic,24,SYNOVIAL SARCOMA,F,3186,0,1,1,0,0,1,0,0,1,1,0,0,NA,NA,NA,NA,NA,No Mutation,NA,NA,NA,NA,NA
LBC_072,Case,Asian,Non-Spanish; Non-Hispanic,21,"OSTEOSARCOMA, NOS",F,4110,0,1,0,0,0,1,1,0,0,0,0,0,NA,NA,NA,NA,NA,No Mutation,NA,NA,NA,NA,NA
LBC_038,Case,Asian,"Spanish  NOS; Hispanic NOS, Latino NOS",18,HODGKIN LYMPHOMA,M,1275,0,1,1,0,0,1,0,0,0,1,0,0,NA,NA,NA,NA,NA,No Mutation,NA,NA,NA,NA,NA
LBC_096,Case,White,Non-Spanish; Non-Hispanic,25,MEDULLOBLASTOMA,M,5232,0,1,1,1,0,0,1,0,0,1,0,0,chr17 7675076 TG>T,chr17,7675076,TG,T,TP53,0.001,Nonsense Mutation in TSG,No Review,1,0
LBC_029,Case,White,Non-Spanish; Non-Hispanic,17,ALVEOLAR RHABDOMYOSARCOMA,F,2460,0,1,1,0,0,1,0,1,1,1,0,0,NA,NA,NA,NA,NA,No Mutation,NA,NA,NA,NA,NA
LBC_120,Case,White,Non-Spanish; Non-Hispanic,42,HODGKIN LYMPHOMA,M,8916,0,1,1,0,1,1,1,0,1,1,0,0,chr17 60663316 A>T,chr17,60663316,A,T,PPM1D,0.006688667,Nonsense Mutation on Exon 6,No Review,1,0
LBC_120,Case,White,Non-Spanish; Non-Hispanic,42,HODGKIN LYMPHOMA,M,8916,0,1,1,0,1,1,1,0,1,1,0,0,chr2 25244580 C>T,chr2,25244580,C,T,DNMT3A,0.0019,Near Hotspot + SIFT/PolyPhen,No Review,1,0
LBC_120,Case,White,Non-Spanish; Non-Hispanic,42,HODGKIN LYMPHOMA,M,8916,0,1,1,0,1,1,1,0,1,1,0,0,chr20 32434474 C>T,chr20,32434474,C,T,ASXL1,0.0018,Nonsense Mutation in TSG,No Review,1,0
LBC_120,Case,White,Non-Spanish; Non-Hispanic,42,HODGKIN LYMPHOMA,M,8916,0,1,1,0,1,1,1,0,1,1,0,0,chr4 105241428 A>G,chr4,105241428,A,G,TET2,0.003226,Near Hotspot + SIFT/PolyPhen,No Review,1,0
LBC_120,Case,White,Non-Spanish; Non-Hispanic,42,HODGKIN LYMPHOMA,M,8916,0,1,1,0,1,1,1,0,1,1,0,0,chr4 105261769 T>A,chr4,105261769,T,A,TET2,0.0013,Near Hotspot + SIFT/PolyPhen,No Review,1,0
LBC_032,Case,White,Unknown whether Spanish or not,17,ALVEOLAR RHABDOMYOSARCOMA,F,4973,0,1,1,0,0,1,0,1,1,1,0,0,chr4 105276236 A>G,chr4,105276236,A,G,TET2,0.0023615,Near Hotspot + SIFT/PolyPhen,No Review,1,0
LBC_085,Case,White,Non-Spanish; Non-Hispanic,23,SPINDLE CELL SARCOMA,F,6800,0,1,1,0,0,1,0,0,1,1,0,0,NA,NA,NA,NA,NA,No Mutation,NA,NA,NA,NA,NA
LBC_105,Case,White,"Spanish  NOS; Hispanic NOS, Latino NOS",29,Â GANGLIONEUROBLASTOMA,F,9519,0,1,1,0,0,1,1,0,1,1,1,0,chr17 7675207 G>T,chr17,7675207,G,T,TP53,0.0021,Nonsense Mutation in TSG,No Review,1,0
LBC_099,Case,White,Unknown whether Spanish or not,26,Embryonal rhabdomyosarcoma,F,6339,0,1,1,0,0,1,0,0,1,1,0,0,chr4 105235522 AC>A,chr4,105235522,AC,A,TET2,0.002346,Nonsense Mutation in TSG,No Review,1,0
LBC_039,Case,White,Non-Spanish; Non-Hispanic,18,EMBRYONAL RHABDOMYOSARCOMA,M,3546,0,1,1,0,0,1,0,0,0,1,0,0,NA,NA,NA,NA,NA,No Mutation,NA,NA,NA,NA,NA
LBC_124,Case,White,Non-Spanish; Non-Hispanic,19,EWING'S SARCOMA,F,975,0,1,1,0,0,1,0,0,1,1,0,0,chr22 28719431 A>C,chr22,28719431,A,C,CHEK2,0.005267333,Nonsense Mutation in TSG,No Review,1,0
LBC_124,Case,White,Non-Spanish; Non-Hispanic,19,EWING'S SARCOMA,F,975,0,1,1,0,0,1,0,0,1,1,0,0,chr17 7675137 C>G,chr17,7675137,C,G,TP53,0.0019965,OncoKB,Homopolymer Region,1,NA
LBC_126,Case,White,Unknown whether Spanish or not,21,EMBRYONAL RHABDOMYOSARCOMA,F,3140,1,1,1,0,0,1,0,0,1,1,0,0,NA,NA,NA,NA,NA,No Mutation,NA,NA,NA,NA,NA
LBC_127,Case,White,Unknown whether Spanish or not,22,ALVEOLAR RHABDOMYOSARCOMA,F,5270,0,1,1,0,0,1,0,1,1,1,0,0,chr17 60663384 TA>T,chr17,60663384,TA,T,PPM1D,0.0030805,OncoKB,No Review,1,0
LBC_127,Case,White,Unknown whether Spanish or not,22,ALVEOLAR RHABDOMYOSARCOMA,F,5270,0,1,1,0,0,1,0,1,1,1,0,0,chr2 25240642 T>C,chr2,25240642,T,C,DNMT3A,0.003766667,Loci + SIFT/PolyPhen,Recurrent,1,NA
LBC_128,Case,White,Non-Spanish; Non-Hispanic,24,EWING'S SARCOMA,M,627,0,1,1,0,0,1,0,0,1,1,0,0,chr17 60663015 G>A,chr17,60663015,G,A,PPM1D,0.0013,Nonsense Mutation on Exon 6,No Review,1,0
LBC_128,Case,White,Non-Spanish; Non-Hispanic,24,EWING'S SARCOMA,M,627,0,1,1,0,0,1,0,0,1,1,0,0,chr17 60663075 GA>G,chr17,60663075,GA,G,PPM1D,0.001848,OncoKB,No Review,1,0
LBC_128,Case,White,Non-Spanish; Non-Hispanic,24,EWING'S SARCOMA,M,627,0,1,1,0,0,1,0,0,1,1,0,0,chr17 60663077 AT>A,chr17,60663077,AT,A,PPM1D,0.120209333,Nonsense Mutation on Exon 6,No Review,1,0
LBC_128,Case,White,Non-Spanish; Non-Hispanic,24,EWING'S SARCOMA,M,627,0,1,1,0,0,1,0,0,1,1,0,0,chr17 60663336 TA>T,chr17,60663336,TA,T,PPM1D,0.001137,OncoKB,No Review,1,0
LBC_128,Case,White,Non-Spanish; Non-Hispanic,24,EWING'S SARCOMA,M,627,0,1,1,0,0,1,0,0,1,1,0,0,chr17 7674920 T>C,chr17,7674920,T,C,TP53,0.004888,OncoKB,Homopolymer Region,1,NA
LBC_129,Case,White,Non-Spanish; Non-Hispanic,20,EPITHELIOID SARCOMA,M,1965,0,1,1,0,0,1,0,0,1,1,0,0,NA,NA,NA,NA,NA,No Mutation,NA,NA,NA,NA,NA
LBC_130,Case,White,Non-Spanish; Non-Hispanic,16,EWING SARCOMA,F,619,0,1,0,0,0,1,0,0,1,1,0,0,NA,NA,NA,NA,NA,No Mutation,NA,NA,NA,NA,NA
LBC_125,Case,White,Non-Spanish; Non-Hispanic,16,Rhabdoid Tumor,F,636,0,1,1,0,0,1,0,0,1,1,1,0,NA,NA,NA,NA,NA,No Mutation,NA,NA,NA,NA,NA
DF_NC_019_N,Normal Control,White,Hispanic/Latino,18,Osteosarcoma,M,NA,NA,NA,NA,NA,NA,NA,NA,NA,NA,NA,NA,NA,NA,NA,NA,NA,NA,No Mutation,NA,NA,NA,NA,NA
DF_NC_058_N,Normal Control,White,Non-Spanish; Non-Hispanic,19,Soft Tissue Sarcoma,M,NA,NA,NA,NA,NA,NA,NA,NA,NA,NA,NA,NA,NA,NA,NA,NA,NA,NA,No Mutation,NA,NA,NA,NA,NA
DF_NC_066_N,Normal Control,Unkown,Unknown,13,Soft Tissue Sarcoma,M,NA,NA,NA,NA,NA,NA,NA,NA,NA,NA,NA,NA,NA,NA,NA,NA,NA,NA,No Mutation,NA,NA,NA,NA,NA
DF_NC_006_N,Normal Control,White,Non-Spanish; Non-Hispanic,13,"Skin Cancer, Non-Melanoma",F,NA,NA,NA,NA,NA,NA,NA,NA,NA,NA,NA,NA,NA,NA,NA,NA,NA,NA,No Mutation,NA,NA,NA,NA,NA
DF_NC_024_N,Normal Control,Unkown,Non-Spanish; Non-Hispanic,18,Osteosarcoma,M,NA,NA,NA,NA,NA,NA,NA,NA,NA,NA,NA,NA,NA,NA,NA,NA,NA,NA,No Mutation,NA,NA,NA,NA,NA
DF_NC_016_N,Normal Control,White,Non-Spanish; Non-Hispanic,21,Soft Tissue Sarcoma,M,NA,NA,NA,NA,NA,NA,NA,NA,NA,NA,NA,NA,NA,NA,NA,NA,NA,NA,No Mutation,NA,NA,NA,NA,NA
DF_NC_054_N,Normal Control,African American,Non-Spanish; Non-Hispanic,32,Breast Carcinoma,F,NA,NA,NA,NA,NA,NA,NA,NA,NA,NA,NA,NA,NA,NA,NA,NA,NA,NA,No Mutation,NA,NA,NA,NA,NA
DF_NC_020_N,Normal Control,White,Unknown,20,Soft Tissue Sarcoma,M,NA,NA,NA,NA,NA,NA,NA,NA,NA,NA,NA,NA,NA,NA,NA,NA,NA,NA,No Mutation,NA,NA,NA,NA,NA
DF_NC_070_N,Normal Control,White,Non-Spanish; Non-Hispanic,23,Melanoma,M,NA,NA,NA,NA,NA,NA,NA,NA,NA,NA,NA,NA,NA,NA,NA,NA,NA,NA,No Mutation,NA,NA,NA,NA,NA
DF_NC_012_N,Normal Control,White,Non-Spanish; Non-Hispanic,20,Ewing Sarcoma,M,NA,NA,NA,NA,NA,NA,NA,NA,NA,NA,NA,NA,NA,NA,NA,NA,NA,NA,No Mutation,NA,NA,NA,NA,NA
DF_NC_067_N,Normal Control,White,Non-Spanish; Non-Hispanic,29,Colorectal Cancer,F,NA,NA,NA,NA,NA,NA,NA,NA,NA,NA,NA,NA,NA,NA,NA,NA,NA,NA,No Mutation,NA,NA,NA,NA,NA
DF_NC_071_N,Normal Control,Asian,Non-Spanish; Non-Hispanic,10,Retinoblastoma,M,NA,NA,NA,NA,NA,NA,NA,NA,NA,NA,NA,NA,NA,NA,NA,NA,NA,NA,No Mutation,NA,NA,NA,NA,NA
DF_NC_023_N,Normal Control,White,Non-Spanish; Non-Hispanic,32,Colorectal Cancer,M,NA,NA,NA,NA,NA,NA,NA,NA,NA,NA,NA,NA,NA,NA,NA,NA,NA,NA,No Mutation,NA,NA,NA,NA,NA
DF_NC_039_N,Normal Control,White,Non-Spanish; Non-Hispanic,20,Diffuse astrocytoma,M,NA,NA,NA,NA,NA,NA,NA,NA,NA,NA,NA,NA,NA,NA,NA,NA,NA,NA,No Mutation,NA,NA,NA,NA,NA
DF_NC_065_N,Normal Control,White,Non-Spanish; Non-Hispanic,20,Soft Tissue Sarcoma,M,NA,NA,NA,NA,NA,NA,NA,NA,NA,NA,NA,NA,NA,NA,NA,NA,NA,NA,No Mutation,NA,NA,NA,NA,NA
DF_NC_052_N,Normal Control,White,Non-Spanish; Non-Hispanic,30,Colorectal Cancer,F,NA,NA,NA,NA,NA,NA,NA,NA,NA,NA,NA,NA,NA,NA,NA,NA,NA,NA,No Mutation,NA,NA,NA,NA,NA
DF_NC_051_N,Normal Control,White,Non-Spanish; Non-Hispanic,28,Breast Carcinoma,F,NA,NA,NA,NA,NA,NA,NA,NA,NA,NA,NA,NA,NA,chr2 25234374 G>A,chr2,25234374,G,A,DNMT3A,0.0023,OncoKB,Was Recurrent,1,0
DF_NC_051_N,Normal Control,White,Non-Spanish; Non-Hispanic,28,Breast Carcinoma,F,NA,NA,NA,NA,NA,NA,NA,NA,NA,NA,NA,NA,NA,chr2 25234374 G>A,chr2,25234374,G,A,DNMT3A,0.0023,OncoKB,Was Recurrent,1,NA
DF_NC_037_N,Normal Control,White,Non-Spanish; Non-Hispanic,19,Bladder Cancer,M,NA,NA,NA,NA,NA,NA,NA,NA,NA,NA,NA,NA,NA,NA,NA,NA,NA,NA,No Mutation,NA,NA,NA,NA,NA
DF_NC_036_N,Normal Control,Unkown,"Spanish NOS; Hispanic NOS, Latino NOS",47,Endometrial Cancer,F,NA,NA,NA,NA,NA,NA,NA,NA,NA,NA,NA,NA,NA,NA,NA,NA,NA,NA,No Mutation,NA,NA,NA,NA,NA
DF_NC_055_N,Normal Control,White,Non-Spanish; Non-Hispanic,20,Nerve Sheath Tumor,F,NA,NA,NA,NA,NA,NA,NA,NA,NA,NA,NA,NA,NA,NA,NA,NA,NA,NA,No Mutation,NA,NA,NA,NA,NA
DF_NC_001_N,Normal Control,Asian,Non-Spanish; Non-Hispanic,25,Pheochromocytoma,F,NA,NA,NA,NA,NA,NA,NA,NA,NA,NA,NA,NA,NA,chr2 25240379 G>A,chr2,25240379,G,A,DNMT3A,0.0012,B/B Hotspot >= 10,No Review,1,0
DF_NC_044_N,Normal Control,White,Non-Spanish; Non-Hispanic,28,Astrocytoma,M,NA,NA,NA,NA,NA,NA,NA,NA,NA,NA,NA,NA,NA,NA,NA,NA,NA,NA,No Mutation,NA,NA,NA,NA,NA
DF_NC_004_N,Normal Control,White,Non-Spanish; Non-Hispanic,34,Breast Carcinoma,F,NA,NA,NA,NA,NA,NA,NA,NA,NA,NA,NA,NA,NA,chr2 25248201 G>A,chr2,25248201,G,A,DNMT3A,0.0012,Nonsense Mutation in TSG,No Review,1,0
DF_NC_030_N,Normal Control,White,Non-Spanish; Non-Hispanic,27,Breast Carcinoma,F,NA,NA,NA,NA,NA,NA,NA,NA,NA,NA,NA,NA,NA,NA,NA,NA,NA,NA,No Mutation,NA,NA,NA,NA,NA
DF_NC_013_N,Normal Control,African American,Non-Spanish; Non-Hispanic,46,Prostate Cancer,M,NA,NA,NA,NA,NA,NA,NA,NA,NA,NA,NA,NA,NA,chr17 7674220 C>T,chr17,7674220,C,T,TP53,0.004378333,OncoKB,No Review,1,0
DF_NC_014_N,Normal Control,Other,"Spanish NOS; Hispanic NOS, Latino NOS",24,Esophagogastric Carcinoma,M,NA,NA,NA,NA,NA,NA,NA,NA,NA,NA,NA,NA,NA,NA,NA,NA,NA,NA,No Mutation,NA,NA,NA,NA,NA
DF_NC_017_N,Normal Control,White,Non-Spanish; Non-Hispanic,17,Soft Tissue Sarcoma,M,NA,NA,NA,NA,NA,NA,NA,NA,NA,NA,NA,NA,NA,NA,NA,NA,NA,NA,No Mutation,NA,NA,NA,NA,NA
DF_NC_022_N,Normal Control,White,Non-Spanish; Non-Hispanic,48,Melanoma,M,NA,NA,NA,NA,NA,NA,NA,NA,NA,NA,NA,NA,NA,chr2 25240360 A>C,chr2,25240360,A,C,DNMT3A,0.030477333,Near Hotspot + SIFT/PolyPhen,No Review,1,0
DF_NC_041_N,Normal Control,Asian,Non-Spanish; Non-Hispanic,14,Ewing Sarcoma,F,NA,NA,NA,NA,NA,NA,NA,NA,NA,NA,NA,NA,NA,NA,NA,NA,NA,NA,No Mutation,NA,NA,NA,NA,NA
DF_NC_043_N,Normal Control,White,Non-Spanish; Non-Hispanic,41,Colorectal Cancer,F,NA,NA,NA,NA,NA,NA,NA,NA,NA,NA,NA,NA,NA,chr2 25246661 C>A,chr2,25246661,C,A,DNMT3A,0.0017,Near Hotspot + SIFT/PolyPhen,No Review,1,0
DF_NC_011_N,Normal Control,White,Non-Spanish; Non-Hispanic,15,ADAMANTINOMAÊ,M,NA,NA,NA,NA,NA,NA,NA,NA,NA,NA,NA,NA,NA,NA,NA,NA,NA,NA,No Mutation,NA,NA,NA,NA,NA
DF_NC_005_N,Normal Control,White,Non-Spanish; Non-Hispanic,16,Osteosarcoma,M,NA,NA,NA,NA,NA,NA,NA,NA,NA,NA,NA,NA,NA,NA,NA,NA,NA,NA,No Mutation,NA,NA,NA,NA,NA
DF_NC_027_N,Normal Control,White,Non-Spanish; Non-Hispanic,21,Hepatocellular Carcinoma,F,NA,NA,NA,NA,NA,NA,NA,NA,NA,NA,NA,NA,NA,NA,NA,NA,NA,NA,No Mutation,NA,NA,NA,NA,NA
DF_NC_026_N,Normal Control,Asian,Non-Spanish; Non-Hispanic,12,Osteosarcoma,F,NA,NA,NA,NA,NA,NA,NA,NA,NA,NA,NA,NA,NA,NA,NA,NA,NA,NA,No Mutation,NA,NA,NA,NA,NA
DF_NC_060_N,Normal Control,Unkown,Hispanic/Latino,20,Osteosarcoma,M,NA,NA,NA,NA,NA,NA,NA,NA,NA,NA,NA,NA,NA,NA,NA,NA,NA,NA,No Mutation,NA,NA,NA,NA,NA
DF_NC_050_N,Normal Control,White,Non-Spanish; Non-Hispanic,40,Melanoma,F,NA,NA,NA,NA,NA,NA,NA,NA,NA,NA,NA,NA,NA,NA,NA,NA,NA,NA,No Mutation,NA,NA,NA,NA,NA
DF_NC_021_N,Normal Control,Other,Non-Spanish; Non-Hispanic,17,Ewing Sarcoma,M,NA,NA,NA,NA,NA,NA,NA,NA,NA,NA,NA,NA,NA,chr2 25247628 C>A,chr2,25247628,C,A,DNMT3A,0.005838667,Near Hotspot + SIFT/PolyPhen,No Review,1,0
DF_NC_002_N,Normal Control,White,Non-Spanish; Non-Hispanic,14,Ewing Sarcoma,M,NA,NA,NA,NA,NA,NA,NA,NA,NA,NA,NA,NA,NA,NA,NA,NA,NA,NA,No Mutation,NA,NA,NA,NA,NA
DF_NC_046_N,Normal Control,Other,South/Central America (except Brazil),25,Ampullary Carcinoma,F,NA,NA,NA,NA,NA,NA,NA,NA,NA,NA,NA,NA,NA,NA,NA,NA,NA,NA,No Mutation,NA,NA,NA,NA,NA
DF_NC_035_N,Normal Control,Unkown,Non-Spanish; Non-Hispanic,14,Soft Tissue Sarcoma,M,NA,NA,NA,NA,NA,NA,NA,NA,NA,NA,NA,NA,NA,NA,NA,NA,NA,NA,No Mutation,NA,NA,NA,NA,NA
DF_NC_038_N,Normal Control,African American,Non-Spanish; Non-Hispanic,20,Osteosarcoma,M,NA,NA,NA,NA,NA,NA,NA,NA,NA,NA,NA,NA,NA,NA,NA,NA,NA,NA,No Mutation,NA,NA,NA,NA,NA
DF_NC_018_N,Normal Control,White,Non-Spanish; Non-Hispanic,17,Ovarian Cancer,F,NA,NA,NA,NA,NA,NA,NA,NA,NA,NA,NA,NA,NA,NA,NA,NA,NA,NA,No Mutation,NA,NA,NA,NA,NA
DF_NC_059_N,Normal Control,White,Non-Spanish; Non-Hispanic,17,Ewing Sarcoma,F,NA,NA,NA,NA,NA,NA,NA,NA,NA,NA,NA,NA,NA,NA,NA,NA,NA,NA,No Mutation,NA,NA,NA,NA,NA
DF_NC_087_N,Normal Control,White,"Spanish NOS; Hispanic NOS, Latino NOS",32,Breast Carcinoma,F,NA,NA,NA,NA,NA,NA,NA,NA,NA,NA,NA,NA,NA,NA,NA,NA,NA,NA,No Mutation,NA,NA,NA,NA,NA
DF_NC_074_N,Normal Control,Asian,Non-Spanish; Non-Hispanic,26,Endometrial Cancer,F,NA,NA,NA,NA,NA,NA,NA,NA,NA,NA,NA,NA,NA,NA,NA,NA,NA,NA,No Mutation,NA,NA,NA,NA,NA
DF_NC_081_N,Normal Control,African American,Non-Spanish; Non-Hispanic,21,Cervical Cancer,F,NA,NA,NA,NA,NA,NA,NA,NA,NA,NA,NA,NA,NA,NA,NA,NA,NA,NA,No Mutation,NA,NA,NA,NA,NA
DF_NC_086_N,Normal Control,White,Non-Spanish; Non-Hispanic,25,Thyroid Cancer,F,NA,NA,NA,NA,NA,NA,NA,NA,NA,NA,NA,NA,NA,NA,NA,NA,NA,NA,No Mutation,NA,NA,NA,NA,NA
DF_NC_089_N,Normal Control,White,Non-Spanish; Non-Hispanic,25,Soft Tissue Sarcoma,F,NA,NA,NA,NA,NA,NA,NA,NA,NA,NA,NA,NA,NA,NA,NA,NA,NA,NA,No Mutation,NA,NA,NA,NA,NA
DF_NC_080_N,Normal Control,Asian,Non-Spanish; Non-Hispanic,17,Germ Cell Tumor,M,NA,NA,NA,NA,NA,NA,NA,NA,NA,NA,NA,NA,NA,NA,NA,NA,NA,NA,No Mutation,NA,NA,NA,NA,NA
DF_NC_079_N,Normal Control,White,Non-Spanish; Non-Hispanic,31,Colorectal Cancer,F,NA,NA,NA,NA,NA,NA,NA,NA,NA,NA,NA,NA,NA,NA,NA,NA,NA,NA,No Mutation,NA,NA,NA,NA,NA
DF_NC_082_N,Normal Control,White,Non-Spanish; Non-Hispanic,25,Breast Carcinoma,F,NA,NA,NA,NA,NA,NA,NA,NA,NA,NA,NA,NA,NA,NA,NA,NA,NA,NA,No Mutation,NA,NA,NA,NA,NA
DF_NC_085_N,Normal Control,White,Non-Spanish; Non-Hispanic,29,Breast Carcinoma,F,NA,NA,NA,NA,NA,NA,NA,NA,NA,NA,NA,NA,NA,NA,NA,NA,NA,NA,No Mutation,NA,NA,NA,NA,NA
DF_NC_091_N,Normal Control,White,Non-Spanish; Non-Hispanic,28,Breast Carcinoma,F,NA,NA,NA,NA,NA,NA,NA,NA,NA,NA,NA,NA,NA,NA,NA,NA,NA,NA,No Mutation,NA,NA,NA,NA,NA
DF_NC_078_N,Normal Control,White,Non-Spanish; Non-Hispanic,30,MYXOID LIPOSARCOMA,F,NA,NA,NA,NA,NA,NA,NA,NA,NA,NA,NA,NA,NA,NA,NA,NA,NA,NA,No Mutation,NA,NA,NA,NA,NA
DF_NC_090_N,Normal Control,White,Non-Spanish; Non-Hispanic,8,Melanoma,F,NA,NA,NA,NA,NA,NA,NA,NA,NA,NA,NA,NA,NA,NA,NA,NA,NA,NA,No Mutation,NA,NA,NA,NA,NA
DF_NC_075_N,Normal Control,Other,Non-Spanish; Non-Hispanic,18,Colorectal Cancer,F,NA,NA,NA,NA,NA,NA,NA,NA,NA,NA,NA,NA,NA,NA,NA,NA,NA,NA,No Mutation,NA,NA,NA,NA,NA
DF_NC_072_N,Normal Control,Other,"Spanish NOS; Hispanic NOS, Latino NOS",22,Esophagogastric Carcinoma,M,NA,NA,NA,NA,NA,NA,NA,NA,NA,NA,NA,NA,NA,NA,NA,NA,NA,NA,No Mutation,NA,NA,NA,NA,NA
DF_NC_077_N,Normal Control,White,Non-Spanish; Non-Hispanic,28,OLIGODENDROGLIOMA,M,NA,NA,NA,NA,NA,NA,NA,NA,NA,NA,NA,NA,NA,NA,NA,NA,NA,NA,No Mutation,NA,NA,NA,NA,NA
DF_NC_073_N,Normal Control,White,Non-Spanish; Non-Hispanic,37,Breast Carcinoma,F,NA,NA,NA,NA,NA,NA,NA,NA,NA,NA,NA,NA,NA,chr2 25234373 C>T,chr2,25234373,C,T,DNMT3A,0.0024,OncoKB,Was Recurrent,1,0
DF_NC_073_N,Normal Control,White,Non-Spanish; Non-Hispanic,37,Breast Carcinoma,F,NA,NA,NA,NA,NA,NA,NA,NA,NA,NA,NA,NA,NA,chr2 25243943 T>A,chr2,25243943,T,A,DNMT3A,0.002,Near Hotspot + SIFT/PolyPhen,No Review,1,0
DF_NC_073_N,Normal Control,White,Non-Spanish; Non-Hispanic,37,Breast Carcinoma,F,NA,NA,NA,NA,NA,NA,NA,NA,NA,NA,NA,NA,NA,chr2 25247647 G>A,chr2,25247647,G,A,DNMT3A,0.0016,Nonsense Mutation in TSG,Was Recurrent,1,0
DF_NC_073_N,Normal Control,White,Non-Spanish; Non-Hispanic,37,Breast Carcinoma,F,NA,NA,NA,NA,NA,NA,NA,NA,NA,NA,NA,NA,NA,chr2 25234373 C>T,chr2,25234373,C,T,DNMT3A,0.0024,OncoKB,Was Recurrent,1,NA
DF_NC_073_N,Normal Control,White,Non-Spanish; Non-Hispanic,37,Breast Carcinoma,F,NA,NA,NA,NA,NA,NA,NA,NA,NA,NA,NA,NA,NA,chr2 25247647 G>A,chr2,25247647,G,A,DNMT3A,0.0016,Nonsense Mutation in TSG,Was Recurrent,1,NA
DF_NC_088_N,Normal Control,Asian,Non-Spanish; Non-Hispanic,18,Soft Tissue Sarcoma,F,NA,NA,NA,NA,NA,NA,NA,NA,NA,NA,NA,NA,NA,NA,NA,NA,NA,NA,No Mutation,NA,NA,NA,NA,NA
DF_NC_076_N,Normal Control,Asian,Unknown whether Spanish or not,40,Breast Carcinoma,F,NA,NA,NA,NA,NA,NA,NA,NA,NA,NA,NA,NA,NA,NA,NA,NA,NA,NA,No Mutation,NA,NA,NA,NA,NA
LBC_131,Case,White,Non-Spanish; Non-Hispanic,31,MEDULLOBLASTOMA,M,12,1,1,1,0,0,0,1,0,0,1,0,0,chr2 25235798 T>A,chr2,25235798,T,A,DNMT3A,0.020178667,Near Hotspot + SIFT/PolyPhen,No Review,1,0
LBC_131,Case,White,Non-Spanish; Non-Hispanic,31,MEDULLOBLASTOMA,M,12,1,1,1,0,0,0,1,0,0,1,0,0,chr4 105236688 C>T,chr4,105236688,C,T,TET2,0.0011,Nonsense Mutation in TSG,No Review,1,0
LBC_140,Case,White,Non-Spanish; Non-Hispanic,16,Rhabdomyosarcoma,F,3531,0,1,1,0,0,1,0,1,1,1,0,0,chr17 7675181 T>G,chr17,7675181,T,G,TP53,0.0012,OncoKB,No Review,1,0
LBC_132,Case,White,Non-Spanish; Non-Hispanic,13,EMBRYONAL RHABDOMYOSARCOMA,F,2885,0,1,0,0,0,0,0,0,0,1,0,0,NA,NA,NA,NA,NA,No Mutation,NA,NA,NA,NA,NA
LBC_133,Case,White,"Spanish  NOS; Hispanic NOS, Latino NOS",17,NEUROBLASTOMA,F,3951,0,1,1,0,0,1,1,0,1,1,1,0,NA,NA,NA,NA,NA,No Mutation,NA,NA,NA,NA,NA
LBC_134,Case,White,Non-Spanish; Non-Hispanic,22,Ewing sarcoma,F,3241,0,1,0,0,0,1,0,0,1,1,0,0,NA,NA,NA,NA,NA,No Mutation,NA,NA,NA,NA,NA
LBC_135,Case,Asian,Non-Spanish; Non-Hispanic,17,NEUROBLASTOMA,M,3819,0,1,1,0,1,1,1,0,1,1,1,0,chr4 105275641 AT>A,chr4,105275641,AT,A,TET2,0.001048,Nonsense Mutation in TSG,No Review,1,0
LBC_136,Case,White,Non-Spanish; Non-Hispanic,18,RHABDOID SARCOMA,M,5689,0,1,1,0,0,1,0,1,1,1,0,0,NA,NA,NA,NA,NA,No Mutation,NA,NA,NA,NA,NA
LBC_137,Case,White,Non-Spanish; Non-Hispanic,16,NEUROBLASTOMA,M,3688,0,1,1,0,0,1,1,0,1,1,1,0,NA,NA,NA,NA,NA,No Mutation,NA,NA,NA,NA,NA
LBC_138,Case,White,"Spanish  NOS; Hispanic NOS, Latino NOS",17,Neuroblastoma,M,4749,0,1,1,0,0,1,1,0,1,1,1,0,chr17 60663445 C>T,chr17,60663445,C,T,PPM1D,0.0011,Nonsense Mutation on Exon 6,No Review,1,0
LBC_139,Case,White,"Spanish  NOS; Hispanic NOS, Latino NOS",17,Medulloblastoma,F,4053,0,1,1,0,0,0,1,0,0,1,0,0,NA,NA,NA,NA,NA,No Mutation,NA,NA,NA,NA,NA
DF_NC_100_N,Normal Control,Asian,Non-Spanish; Non-Hispanic,28,EPITHELIOID SARCOMA,M,NA,NA,NA,NA,NA,NA,NA,NA,NA,NA,NA,NA,NA,NA,NA,NA,NA,NA,No Mutation,NA,NA,NA,NA,NA
DF_NC_112_N,Normal Control,African American,Non-Spanish; Non-Hispanic,32,Breast Carcinoma,F,NA,NA,NA,NA,NA,NA,NA,NA,NA,NA,NA,NA,NA,NA,NA,NA,NA,NA,No Mutation,NA,NA,NA,NA,NA
DF_NC_104_N,Normal Control,White,Non-Spanish; Non-Hispanic,15,Osteosarcoma,M,NA,NA,NA,NA,NA,NA,NA,NA,NA,NA,NA,NA,NA,NA,NA,NA,NA,NA,No Mutation,NA,NA,NA,NA,NA
DF_NC_096_N,Normal Control,White,Non-Spanish; Non-Hispanic,33,Cervical cancer,F,NA,NA,NA,NA,NA,NA,NA,NA,NA,NA,NA,NA,NA,chr2 25243931 G>A,chr2,25243931,G,A,DNMT3A,0.0015,OncoKB,No Review,1,0
DF_NC_098_N,Normal Control,White,Non-Spanish; Non-Hispanic,29,Rectal Cancer,F,NA,NA,NA,NA,NA,NA,NA,NA,NA,NA,NA,NA,NA,NA,NA,NA,NA,NA,No Mutation,NA,NA,NA,NA,NA
DF_NC_093_N,Normal Control,White,Non-Spanish; Non-Hispanic,29,CARCINOID TUMOR,M,NA,NA,NA,NA,NA,NA,NA,NA,NA,NA,NA,NA,NA,chr17 7673775 C>T,chr17,7673775,C,T,TP53,0.0017,OncoKB,No Review,1,0
DF_NC_111_N,Normal Control,White,Non-Spanish; Non-Hispanic,31,Colon cancer,F,NA,NA,NA,NA,NA,NA,NA,NA,NA,NA,NA,NA,NA,NA,NA,NA,NA,NA,No Mutation,NA,NA,NA,NA,NA
DF_NC_097_N,Normal Control,African American,Non-Spanish; Non-Hispanic,37,Lung Cancer,F,NA,NA,NA,NA,NA,NA,NA,NA,NA,NA,NA,NA,NA,chr2 25244338 C>G,chr2,25244338,C,G,DNMT3A,0.0024,B/B Hotspot >= 10,No Review,1,0
DF_NC_110_N,Normal Control,White,Non-Spanish; Non-Hispanic,33,neurofibroma,F,NA,NA,NA,NA,NA,NA,NA,NA,NA,NA,NA,NA,NA,NA,NA,NA,NA,NA,No Mutation,NA,NA,NA,NA,NA
DF_NC_094_N,Normal Control,White,Non-Spanish; Non-Hispanic,28,Colon cancer,M,NA,NA,NA,NA,NA,NA,NA,NA,NA,NA,NA,NA,NA,chr22 28695867 CA>C,chr22,28695867,CA,C,CHEK2,0.0012,Nonsense Mutation in TSG,No Review,1,0
MCIA0030,WashU Control,White,NA,24,NA,F,NA,NA,NA,NA,NA,NA,NA,NA,NA,NA,NA,NA,NA,chr22 28687965 GC>G,chr22,28687965,GC,G,CHEK2,0.0050735,Nonsense Mutation in TSG,No Review,1,0
MCIA0031,WashU Control,White,NA,25,NA,M,NA,NA,NA,NA,NA,NA,NA,NA,NA,NA,NA,NA,NA,NA,NA,NA,NA,NA,No Mutation,NA,NA,NA,NA,NA
MCIA0033,WashU Control,White,NA,17,NA,F,NA,NA,NA,NA,NA,NA,NA,NA,NA,NA,NA,NA,NA,NA,NA,NA,NA,NA,No Mutation,NA,NA,NA,NA,NA
MCIA0036,WashU Control,White,NA,25,NA,F,NA,NA,NA,NA,NA,NA,NA,NA,NA,NA,NA,NA,NA,NA,NA,NA,NA,NA,No Mutation,NA,NA,NA,NA,NA
MCIA0040,WashU Control,White,NA,23,NA,F,NA,NA,NA,NA,NA,NA,NA,NA,NA,NA,NA,NA,NA,NA,NA,NA,NA,NA,No Mutation,NA,NA,NA,NA,NA
MCIA0085,WashU Control,White,NA,21,NA,F,NA,NA,NA,NA,NA,NA,NA,NA,NA,NA,NA,NA,NA,NA,NA,NA,NA,NA,No Mutation,NA,NA,NA,NA,NA
MCIA0100,WashU Control,African American,NA,22,NA,M,NA,NA,NA,NA,NA,NA,NA,NA,NA,NA,NA,NA,NA,NA,NA,NA,NA,NA,No Mutation,NA,NA,NA,NA,NA
MCIA0101,WashU Control,African American,NA,18,NA,F,NA,NA,NA,NA,NA,NA,NA,NA,NA,NA,NA,NA,NA,NA,NA,NA,NA,NA,No Mutation,NA,NA,NA,NA,NA
MCIA0102,WashU Control,Other,NA,21,NA,F,NA,NA,NA,NA,NA,NA,NA,NA,NA,NA,NA,NA,NA,NA,NA,NA,NA,NA,No Mutation,NA,NA,NA,NA,NA
MCIA0103,WashU Control,African American,NA,19,NA,F,NA,NA,NA,NA,NA,NA,NA,NA,NA,NA,NA,NA,NA,NA,NA,NA,NA,NA,No Mutation,NA,NA,NA,NA,NA
MCIA0104,WashU Control,African American,NA,19,NA,F,NA,NA,NA,NA,NA,NA,NA,NA,NA,NA,NA,NA,NA,NA,NA,NA,NA,NA,No Mutation,NA,NA,NA,NA,NA
MCIA0105,WashU Control,African American,NA,23,NA,F,NA,NA,NA,NA,NA,NA,NA,NA,NA,NA,NA,NA,NA,NA,NA,NA,NA,NA,No Mutation,NA,NA,NA,NA,NA
MCIA0107,WashU Control,African American,NA,19,NA,F,NA,NA,NA,NA,NA,NA,NA,NA,NA,NA,NA,NA,NA,chr17 7676047 C>T,chr17,7676047,C,T,TP53,0.0013,OncoKB,No Review,1,0
MCIA0108,WashU Control,African American,NA,19,NA,F,NA,NA,NA,NA,NA,NA,NA,NA,NA,NA,NA,NA,NA,NA,NA,NA,NA,NA,No Mutation,NA,NA,NA,NA,NA
MCIA0113,WashU Control,White,NA,15,NA,M,NA,NA,NA,NA,NA,NA,NA,NA,NA,NA,NA,NA,NA,chr2 25243907 T>C,chr2,25243907,T,C,DNMT3A,0.002052,Near Hotspot + SIFT/PolyPhen,No Review,1,0
MCIA0117,WashU Control,African American,NA,21,NA,F,NA,NA,NA,NA,NA,NA,NA,NA,NA,NA,NA,NA,NA,NA,NA,NA,NA,NA,No Mutation,NA,NA,NA,NA,NA
MCIA0120,WashU Control,African American,NA,22,NA,F,NA,NA,NA,NA,NA,NA,NA,NA,NA,NA,NA,NA,NA,chr2 25235788 G>T,chr2,25235788,G,T,DNMT3A,0.0012,Near Hotspot + SIFT/PolyPhen,No Review,1,0
MCIA0121,WashU Control,White,NA,21,NA,F,NA,NA,NA,NA,NA,NA,NA,NA,NA,NA,NA,NA,NA,NA,NA,NA,NA,NA,No Mutation,NA,NA,NA,NA,NA
MCIA0122,WashU Control,White,NA,23,NA,M,NA,NA,NA,NA,NA,NA,NA,NA,NA,NA,NA,NA,NA,NA,NA,NA,NA,NA,No Mutation,NA,NA,NA,NA,NA
MCIA0123,WashU Control,White,NA,22,NA,F,NA,NA,NA,NA,NA,NA,NA,NA,NA,NA,NA,NA,NA,NA,NA,NA,NA,NA,No Mutation,NA,NA,NA,NA,NA
MCIA0125,WashU Control,White,NA,24,NA,F,NA,NA,NA,NA,NA,NA,NA,NA,NA,NA,NA,NA,NA,NA,NA,NA,NA,NA,No Mutation,NA,NA,NA,NA,NA
MCIA0131,WashU Control,Asian,NA,23,NA,F,NA,NA,NA,NA,NA,NA,NA,NA,NA,NA,NA,NA,NA,chr2 25240396 G>A,chr2,25240396,G,A,DNMT3A,0.0027295,Near Hotspot + SIFT/PolyPhen,No Review,1,0
MCIA0132,WashU Control,White,NA,25,NA,M,NA,NA,NA,NA,NA,NA,NA,NA,NA,NA,NA,NA,NA,chr2 25234304 A>G,chr2,25234304,A,G,DNMT3A,0.003829,Near Hotspot + SIFT/PolyPhen,No Review,1,0
MCIA0133,WashU Control,Asian,NA,25,NA,F,NA,NA,NA,NA,NA,NA,NA,NA,NA,NA,NA,NA,NA,NA,NA,NA,NA,NA,No Mutation,NA,NA,NA,NA,NA
MCIA0137,WashU Control,White,NA,25,NA,M,NA,NA,NA,NA,NA,NA,NA,NA,NA,NA,NA,NA,NA,NA,NA,NA,NA,NA,No Mutation,NA,NA,NA,NA,NA
MCIA0138,WashU Control,White,NA,24,NA,M,NA,NA,NA,NA,NA,NA,NA,NA,NA,NA,NA,NA,NA,NA,NA,NA,NA,NA,No Mutation,NA,NA,NA,NA,NA
MCIA0179,WashU Control,African American,NA,17,NA,M,NA,NA,NA,NA,NA,NA,NA,NA,NA,NA,NA,NA,NA,NA,NA,NA,NA,NA,No Mutation,NA,NA,NA,NA,NA
MCIA0287,WashU Control,White,NA,15,NA,F,NA,NA,NA,NA,NA,NA,NA,NA,NA,NA,NA,NA,NA,NA,NA,NA,NA,NA,No Mutation,NA,NA,NA,NA,NA
MCIA0294,WashU Control,White,NA,21,NA,F,NA,NA,NA,NA,NA,NA,NA,NA,NA,NA,NA,NA,NA,NA,NA,NA,NA,NA,No Mutation,NA,NA,NA,NA,NA
MCIA0295,WashU Control,White,NA,23,NA,M,NA,NA,NA,NA,NA,NA,NA,NA,NA,NA,NA,NA,NA,NA,NA,NA,NA,NA,No Mutation,NA,NA,NA,NA,NA
MCIA0106,WashU Control,African American,NA,24,NA,F,NA,NA,NA,NA,NA,NA,NA,NA,NA,NA,NA,NA,NA,NA,NA,NA,NA,NA,No Mutation,NA,NA,NA,NA,NA
MCIA0118,WashU Control,African American,NA,23,NA,F,NA,NA,NA,NA,NA,NA,NA,NA,NA,NA,NA,NA,NA,NA,NA,NA,NA,NA,No Mutation,NA,NA,NA,NA,NA
MCIA0129,WashU Control,Asian,NA,23,NA,F,NA,NA,NA,NA,NA,NA,NA,NA,NA,NA,NA,NA,NA,NA,NA,NA,NA,NA,No Mutation,NA,NA,NA,NA,NA
MCIA0094,WashU Control,White,NA,16,NA,F,NA,NA,NA,NA,NA,NA,NA,NA,NA,NA,NA,NA,NA,chr20 32434885 A>T,chr20,32434885,A,T,ASXL1,0.0034365,Nonsense Mutation in TSG,No Review,1,0
MCIA0095,WashU Control,White,NA,15,NA,F,NA,NA,NA,NA,NA,NA,NA,NA,NA,NA,NA,NA,NA,NA,NA,NA,NA,NA,No Mutation,NA,NA,NA,NA,NA
MCIA0096,WashU Control,White,NA,16,NA,F,NA,NA,NA,NA,NA,NA,NA,NA,NA,NA,NA,NA,NA,NA,NA,NA,NA,NA,No Mutation,NA,NA,NA,NA,NA
MCIA0097,WashU Control,White,NA,15,NA,M,NA,NA,NA,NA,NA,NA,NA,NA,NA,NA,NA,NA,NA,NA,NA,NA,NA,NA,No Mutation,NA,NA,NA,NA,NA
M1523007,WashU Control,White,NA,25.65366,NA,M,NA,NA,NA,NA,NA,NA,NA,NA,NA,NA,NA,NA,NA,NA,NA,NA,NA,NA,No Mutation,NA,NA,NA,NA,NA
M1523003,WashU Control,Unkown,NA,34.95688,NA,M,NA,NA,NA,NA,NA,NA,NA,NA,NA,NA,NA,NA,NA,NA,NA,NA,NA,NA,No Mutation,NA,NA,NA,NA,NA
M1523002,WashU Control,White,NA,21.4538,NA,M,NA,NA,NA,NA,NA,NA,NA,NA,NA,NA,NA,NA,NA,chr17 7676152 CG>C,chr17,7676152,CG,C,TP53,0.001138,Nonsense Mutation in TSG,Recurrent,1,NA
M1523004,WashU Control,Unkown,NA,30.63107,NA,F,NA,NA,NA,NA,NA,NA,NA,NA,NA,NA,NA,NA,NA,NA,NA,NA,NA,NA,No Mutation,NA,NA,NA,NA,NA
M1523019,WashU Control,Unkown,NA,36.40246,NA,M,NA,NA,NA,NA,NA,NA,NA,NA,NA,NA,NA,NA,NA,chr2 25246187 TG>T,chr2,25246187,TG,T,DNMT3A,0.001475,Nonsense Mutation in TSG,No Review,1,0
M1523005,WashU Control,African American,NA,24.78029,NA,F,NA,NA,NA,NA,NA,NA,NA,NA,NA,NA,NA,NA,NA,NA,NA,NA,NA,NA,No Mutation,NA,NA,NA,NA,NA
M1523009,WashU Control,African American,NA,34.29158,NA,M,NA,NA,NA,NA,NA,NA,NA,NA,NA,NA,NA,NA,NA,NA,NA,NA,NA,NA,No Mutation,NA,NA,NA,NA,NA
M1523010,WashU Control,White,NA,29.34702,NA,M,NA,NA,NA,NA,NA,NA,NA,NA,NA,NA,NA,NA,NA,chr2 25234373 C>T,chr2,25234373,C,T,DNMT3A,0.0016,OncoKB,Was Recurrent,1,0
M1523010,WashU Control,White,NA,29.34702,NA,M,NA,NA,NA,NA,NA,NA,NA,NA,NA,NA,NA,NA,NA,chr2 25234373 C>T,chr2,25234373,C,T,DNMT3A,0.0016,OncoKB,Was Recurrent,1,NA
M1523011,WashU Control,White,NA,24.91992,NA,F,NA,NA,NA,NA,NA,NA,NA,NA,NA,NA,NA,NA,NA,chr2 25235726 A>G,chr2,25235726,A,G,DNMT3A,0.0021,B/B Hotspot >= 10,No Review,1,0
M1523012,WashU Control,White,NA,40.29569,NA,M,NA,NA,NA,NA,NA,NA,NA,NA,NA,NA,NA,NA,NA,NA,NA,NA,NA,NA,No Mutation,NA,NA,NA,NA,NA
M1523013,WashU Control,White,NA,22.22313,NA,F,NA,NA,NA,NA,NA,NA,NA,NA,NA,NA,NA,NA,NA,NA,NA,NA,NA,NA,No Mutation,NA,NA,NA,NA,NA
M1523014,WashU Control,White,NA,29.63723,NA,M,NA,NA,NA,NA,NA,NA,NA,NA,NA,NA,NA,NA,NA,chr2 25234374 G>A,chr2,25234374,G,A,DNMT3A,0.004670333,OncoKB,Was Recurrent,1,0
M1523014,WashU Control,White,NA,29.63723,NA,M,NA,NA,NA,NA,NA,NA,NA,NA,NA,NA,NA,NA,NA,chr2 25234374 G>A,chr2,25234374,G,A,DNMT3A,0.004670333,OncoKB,Was Recurrent,1,NA
M1523015,WashU Control,Unkown,NA,28.92813,NA,M,NA,NA,NA,NA,NA,NA,NA,NA,NA,NA,NA,NA,NA,NA,NA,NA,NA,NA,No Mutation,NA,NA,NA,NA,NA
M1523016,WashU Control,White,NA,41.38535,NA,F,NA,NA,NA,NA,NA,NA,NA,NA,NA,NA,NA,NA,NA,chr2 25234373 C>T,chr2,25234373,C,T,DNMT3A,0.0014,OncoKB,Was Recurrent,1,0
M1523016,WashU Control,White,NA,41.38535,NA,F,NA,NA,NA,NA,NA,NA,NA,NA,NA,NA,NA,NA,NA,chr2 25234373 C>T,chr2,25234373,C,T,DNMT3A,0.0014,OncoKB,Was Recurrent,1,NA
M1523017,WashU Control,White,NA,24.59959,NA,F,NA,NA,NA,NA,NA,NA,NA,NA,NA,NA,NA,NA,NA,NA,NA,NA,NA,NA,No Mutation,NA,NA,NA,NA,NA
M1523018,WashU Control,African American,NA,23.35387,NA,F,NA,NA,NA,NA,NA,NA,NA,NA,NA,NA,NA,NA,NA,NA,NA,NA,NA,NA,No Mutation,NA,NA,NA,NA,NA
M1523022,WashU Control,White,NA,32.27105,NA,M,NA,NA,NA,NA,NA,NA,NA,NA,NA,NA,NA,NA,NA,NA,NA,NA,NA,NA,No Mutation,NA,NA,NA,NA,NA
M1523021,WashU Control,White,NA,36.06845,NA,M,NA,NA,NA,NA,NA,NA,NA,NA,NA,NA,NA,NA,NA,NA,NA,NA,NA,NA,No Mutation,NA,NA,NA,NA,NA
M1523020,WashU Control,White,NA,32.80493,NA,F,NA,NA,NA,NA,NA,NA,NA,NA,NA,NA,NA,NA,NA,NA,NA,NA,NA,NA,No Mutation,NA,NA,NA,NA,NA
M1523023,WashU Control,White,NA,50.25051,NA,F,NA,NA,NA,NA,NA,NA,NA,NA,NA,NA,NA,NA,NA,chr2 25246764 G>A,chr2,25246764,G,A,DNMT3A,0.0017,B/B Hotspot >= 10,Was Recurrent,1,0
M1523023,WashU Control,White,NA,50.25051,NA,F,NA,NA,NA,NA,NA,NA,NA,NA,NA,NA,NA,NA,NA,chr2 25244248 G>C,chr2,25244248,G,C,DNMT3A,0.0011,Near Hotspot + SIFT/PolyPhen,Homopolymer Region,1,NA
M1523023,WashU Control,White,NA,50.25051,NA,F,NA,NA,NA,NA,NA,NA,NA,NA,NA,NA,NA,NA,NA,chr2 25246764 G>A,chr2,25246764,G,A,DNMT3A,0.0017,B/B Hotspot >= 10,Was Recurrent,1,NA
M1523024,WashU Control,Other,NA,28.05202,NA,F,NA,NA,NA,NA,NA,NA,NA,NA,NA,NA,NA,NA,NA,NA,NA,NA,NA,NA,No Mutation,NA,NA,NA,NA,NA
M1523025,WashU Control,White,NA,19.63313,NA,F,NA,NA,NA,NA,NA,NA,NA,NA,NA,NA,NA,NA,NA,NA,NA,NA,NA,NA,No Mutation,NA,NA,NA,NA,NA
M1523026,WashU Control,White,NA,23.09377,NA,F,NA,NA,NA,NA,NA,NA,NA,NA,NA,NA,NA,NA,NA,NA,NA,NA,NA,NA,No Mutation,NA,NA,NA,NA,NA
M1523027,WashU Control,White,NA,21.80698,NA,M,NA,NA,NA,NA,NA,NA,NA,NA,NA,NA,NA,NA,NA,NA,NA,NA,NA,NA,No Mutation,NA,NA,NA,NA,NA
M1523029,WashU Control,White,NA,27.89596,NA,M,NA,NA,NA,NA,NA,NA,NA,NA,NA,NA,NA,NA,NA,NA,NA,NA,NA,NA,No Mutation,NA,NA,NA,NA,NA
M1523028,WashU Control,White,NA,50.71595,NA,M,NA,NA,NA,NA,NA,NA,NA,NA,NA,NA,NA,NA,NA,chr2 25246764 G>A,chr2,25246764,G,A,DNMT3A,0.0017,B/B Hotspot >= 10,Was Recurrent,1,0
M1523028,WashU Control,White,NA,50.71595,NA,M,NA,NA,NA,NA,NA,NA,NA,NA,NA,NA,NA,NA,NA,chr2 25247107 G>A,chr2,25247107,G,A,DNMT3A,0.0011,Nonsense Mutation in TSG,No Review,1,0
M1523028,WashU Control,White,NA,50.71595,NA,M,NA,NA,NA,NA,NA,NA,NA,NA,NA,NA,NA,NA,NA,chr2 25247676 A>G,chr2,25247676,A,G,DNMT3A,0.002905,Near Hotspot + SIFT/PolyPhen,No Review,1,0
M1523028,WashU Control,White,NA,50.71595,NA,M,NA,NA,NA,NA,NA,NA,NA,NA,NA,NA,NA,NA,NA,chr4 105235749 A>T,chr4,105235749,A,T,TET2,0.0019,Nonsense Mutation in TSG,No Review,1,0
M1523028,WashU Control,White,NA,50.71595,NA,M,NA,NA,NA,NA,NA,NA,NA,NA,NA,NA,NA,NA,NA,chr2 25246764 G>A,chr2,25246764,G,A,DNMT3A,0.0017,B/B Hotspot >= 10,Was Recurrent,1,NA
M1523030,WashU Control,White,NA,23.00616,NA,M,NA,NA,NA,NA,NA,NA,NA,NA,NA,NA,NA,NA,NA,chr22 28725082 GATC>G,chr22,28725082,GATC,G,CHEK2,0.003857,Nonsense Mutation in TSG,No Review,1,0
M1523031,WashU Control,White,NA,23.22793,NA,F,NA,NA,NA,NA,NA,NA,NA,NA,NA,NA,NA,NA,NA,NA,NA,NA,NA,NA,No Mutation,NA,NA,NA,NA,NA
M1523032,WashU Control,White,NA,27.72348,NA,F,NA,NA,NA,NA,NA,NA,NA,NA,NA,NA,NA,NA,NA,NA,NA,NA,NA,NA,No Mutation,NA,NA,NA,NA,NA
M1523006,WashU Control,Unkown,NA,21.64545,NA,F,NA,NA,NA,NA,NA,NA,NA,NA,NA,NA,NA,NA,NA,NA,NA,NA,NA,NA,No Mutation,NA,NA,NA,NA,NA
M1523008,WashU Control,White,NA,18.0835,NA,M,NA,NA,NA,NA,NA,NA,NA,NA,NA,NA,NA,NA,NA,NA,NA,NA,NA,NA,No Mutation,NA,NA,NA,NA,NA